{
    "forms": {
        "login": {
            "login": "User Name Or Email",
            "password": "Password"
        },
        "register": {
            "username": "Username",
            "email": "Email",
            "password": "Password",
            "confirm_password": "Confirm Password"
        }
    },
    "rules": {
        "default": "{{name}} incorrect",
        "required": "Field \"{{fieldName}}\" is required",
        "need": "Field \"{{param.0.value}}\" is required",
        "matches": "Field \"{{fieldName}}\" must matches \"{{param.0.value}}\"",
        "min_length": "Length of \"{{fieldName}}\" must be more than {{param.0.value}}",
        "max_length": "Length of \"{{fieldName}}\" must be less than {{param.0.value}}",
        "exact_length": "Length of \"{{fieldName}}\" must be {{param.0.value}}",
        "valid_email": "Field \"{{fieldName}}\" must be a valid email adress",
        "alpha": "Field \"{{fieldName}}\" can contains letters",
        "alpha_numeric": "Field \"{{fieldName}}\" can contains either a letters or a digits",
        "alpha_dash": "Field \"{{fieldName}}\" can contains either a letters, numbers, underscores and the minus",
        "numeric": "Field \"{{fieldName}}\" must be a valid numeric",
        "integer": "Field \"{{fieldName}}\" must be a valid integer",
        "decimal": "Field \"{{fieldName}}\" must be a valid decimal",
        "is_natural": "Field \"{{fieldName}}\" must be natural",
        "is_natural_no_zero": "Field \"{{fieldName}}\" must be natural and not zero",
        "valid_base64": "Field \"{{fieldName}}\" must be a valid base64",
        "valid_url": "Field \"{{fieldName}}\" must be a valid url",
        "valid_date": "Field \"{{fieldName}}\" must be a valid date",
        "unique": "{{fieldName}} \"{{value}}\" already exists"
    }
}