{
    "forms": {
        "login": {
            "login": "User Name Or Email",
            "password": "Password"
        },
        "register": {
            "username": "Username",
            "email": "Email",
            "password": "Password",
            "confirm_password": "Confirm Password"
        }
    },
    "rules": {
        "required": "Поле \"{{fieldName}}\" обязательно для заполнения",
        "need": "Поле \"{{param.0.value}}\" обязательно для заполнения",
        "matches": "Поле \"{{fieldName}}\" должно совпадать с \"{{param.0.value}}\"",
        "min_length": "Длина поля \"{{fieldName}}\" должна быть больше чем {{param.0.value}}",
        "max_length": "Длина поля \"{{fieldName}}\" должна быть меньше чем {{param.0.value}}",
        "exact_length": "Длина поля \"{{fieldName}}\" должна быть {{param.0.value}}",
        "valid_email": "Поле \"{{fieldName}}\" должно содержать верный email адрес",
        "alpha": "Поле \"{{fieldName}}\" может содержать только буквенные символы",
        "alpha_numeric": "Поле \"{{fieldName}}\" может содержать буквенные либо числовые символы",
        "alpha_dash": "Поле \"{{fieldName}}\" может содержать буквенные, числовые симовлы, символ подчеркивания и дефис",
        "numeric": "Поле \"{{fieldName}}\" содержит не корректный тип данных",
        "integer": "Поле \"{{fieldName}}\" содержит не корректный тип данных",
        "decimal": "Поле \"{{fieldName}}\" содержит не корректный тип данных",
        "is_natural": "Поле \"{{fieldName}}\" должно быть натуральным числом",
        "is_natural_no_zero": "Поле \"{{fieldName}}\" должно быть натуральным числом не равным нулю",
        "valid_base64": "Поле \"{{fieldName}}\" должно содержать корректный base64",
        "valid_url": "Поле \"{{fieldName}}\" должно содержать корректный URL-адрес",
        "valid_date": "Поле \"{{fieldName}}\" должно содержать корректную дату",
        "unique": "{{fieldName}} \"{{value}}\" уже существует"
    }
}