{
	"POST user/login": {
		"request": {
			"username:string": "required",
			"password:string": "required",
			"remember:boolean": "optional"
		},
		"response": [
			"id:integer",
			"username:string",
			"email:string"
		],
		"errors": {
			"password": "incorrect"
		}
	},
	"GET user/logout": {
		"response": [
			"status:boolean"
		]
	},
	"GET user": {
		"response:array": [
			"id:integer",
			"username:string",
			"email:string"
		]
	},
	"GET user/$iserId": {
		"request": {
			"$userId:number": "required"
		},
		"response": [
			"id:integer",
			"username:string",
			"email:string"
		]
	},
	"DELETE user/$iserId": {
		"request": {
			"$userId:number": "required"
		},
		"response": [
			"status:boolean"
		]
	},
	"PUT user/$userId": {
		"request" : {
			"username:string": "required",
			"email:string": "required",
			"password_old:string": "optional",
			"password_new:string": "optional",
			"password_new_confirm:string": "optional"
		},
		"response": [
			"id:integer",
			"username:string",
			"email:string"
		]
	},
	"POST user": {
		"request": {
			"username:string": "required",
			"email:string": "required",
			"password:string": "required",
			"confirm_password:string": "required"
		},
		"response": [
			"id:integer",
			"username:string",
			"email:string"
		],
		"errors": {
			"username": "exists",
			"email": [
				"exists",
				"not_found",
				"incorrect_format"
			],
			"password_confirm": "not_equal"
		}
	},







	"GET todo": {
		"response:array": [
			"id:integer",
			"link:string",
			"name:string",
			"is_shared:boolean",
			"sort_order:integer"
		]
	},
	"GET todo/$todoId": {
		"request": {
			"$todoId:number": "required"
		},
		"response": [
			"id:integer",
			"link:string",
			"name:string",
			"is_shared:boolean",
			"sort_order:integer"
		]
	},
	"GET todo/$todoId/item": {
		"request": {
			"$todoId:number": "required"
		},
		"response:array": [
			"id:integer",
			"todo_id:integer",
			"sort_order:integer",
			"name:string",
			"date_create:string",
			"is_active:boolean"
		]
	},
	"GET todo/$todoId/item/$itemId": {
		"request": {
			"$todoId:number": "required",
			"$itemId:number": "required"
		},
		"response": [
			"id:number",
			"name:string",
			"date_create:string",
			"sort_order:integer",
			"is_active:boolean"
		]
	},
	"POST todo": {
		"request": {
			"name:string": "optional",
			"is_shared:boolean": "optional",
			"sort_order:integer": "optional"
		},
		"response": [
			"id:integer",
			"link:string",
			"name:string",
			"is_shared:boolean",
			"sort_order:integer"
		]
	},
	"POST todo/$todoId/item": {
		"request": {
			"$todoId:integer": "required",
			"name:string": "optional",
			"is_active:boolean": "optional"
		},
		"response": [
			"id:integer",
			"todo_id:integer",
			"sort_order:integer",
			"name:string",
			"date_create:string",
			"is_active:boolean"
		],
		"errors": {
			"$todoId": "not_found"
		}
	},
	"PUT todo/$todoId": {
		"request": {
			"$todoId:integer": "required",
			"name:string": "optional",
			"is_shared:boolean": "optional",
			"sort_order:integer": "optional"
		},
		"response": [
			"id:integer",
			"link:string",
			"name:string",
			"is_shared:boolean",
			"sort_order:integer"
		],
		"errors": {
			"$todoId": "not_found"
		}
	},
	"PUT todo/$todoId/item/$itemId": {
		"request": {
			"$todoId:integer": "required",
			"$itemId:integer": "required",
			"name:string": "optional",
			"is_active:boolean": "optional"
		},
		"response": [
			"id:integer",
			"todo_id:integer",
			"sort_order:integer",
			"name:string",
			"date_create:string",
			"is_active:boolean"
		],
		"errors": {
			"$todoId": "not_found",
			"$itemId": "not_found"
		}
	},
	"DELETE todo/$todoId": {
		"request": {
			"$todoId:integer": "required"
		},
		"response": [
			"status:boolean"
		],
		"errors": {
			"$todoId": "not_found"
		}
	},
	"DELETE todo/$todoId/item/$itemId": {
		"request": {
			"$todoId:integer": "required",
			"$itemId:integer": "required"
		},
		"response": [
			"status:boolean"
		],
		"errors": {
			"$todoId": "not_found",
			"$itemId": "not_found"
		}
	}
}